{"cameraMode":{"drawMode":0,"name":"Shaded","section":"Shading Mode"},"sceneLighting":true,"audioPlay":false,"sceneViewState":{"showFog":true,"showMaterialUpdate":false,"showSkybox":true,"showFlares":true,"showImageEffects":true,"showParticleSystems":true},"in2DMode":false,"pivot":{"x":5.6565093994140629,"y":-3.22194242477417,"z":-4.578979969024658},"rotation":{"x":-0.10326366126537323,"y":-0.8752685189247131,"z":0.21476131677627564,"w":-0.42085549235343935},"size":11.883081436157227,"orthographic":false}