{"cameraMode":{"drawMode":0,"name":"Shaded","section":"Shading Mode"},"sceneLighting":true,"audioPlay":false,"sceneViewState":{"showFog":true,"showMaterialUpdate":false,"showSkybox":true,"showFlares":true,"showImageEffects":true,"showParticleSystems":true},"in2DMode":false,"pivot":{"x":-26.794204711914064,"y":-56.87491989135742,"z":180.4393768310547},"rotation":{"x":-0.1591334342956543,"y":0.07042765617370606,"z":-0.011381255462765694,"w":-0.9846760630607605},"size":184.1066131591797,"orthographic":false}