{"cameraMode":{"drawMode":0,"name":"Shaded","section":"Shading Mode"},"sceneLighting":false,"audioPlay":false,"sceneViewState":{"showFog":true,"showMaterialUpdate":false,"showSkybox":true,"showFlares":true,"showImageEffects":true,"showParticleSystems":true},"in2DMode":false,"pivot":{"x":2.259730577468872,"y":0.28059983253479006,"z":0.08120250701904297},"rotation":{"x":0.014108508825302124,"y":0.9751047492027283,"z":-0.21152177453041078,"w":0.06504040956497193},"size":4.952691078186035,"orthographic":false}