{"cameraMode":{"drawMode":0,"name":"Shaded","section":"Shading Mode"},"sceneLighting":false,"audioPlay":false,"sceneViewState":{"showFog":true,"showMaterialUpdate":false,"showSkybox":true,"showFlares":true,"showImageEffects":true,"showParticleSystems":true},"in2DMode":false,"pivot":{"x":0.3280251622200012,"y":0.6907070279121399,"z":0.05355525016784668},"rotation":{"x":-0.28916701674461367,"y":0.20555023849010468,"z":-0.0637219026684761,"w":-0.9327760338783264},"size":4.546109199523926,"orthographic":false}