{"cameraMode":{"drawMode":0,"name":"Shaded","section":"Shading Mode"},"sceneLighting":true,"audioPlay":false,"sceneViewState":{"showFog":true,"showMaterialUpdate":false,"showSkybox":true,"showFlares":true,"showImageEffects":true,"showParticleSystems":true},"in2DMode":false,"pivot":{"x":20.331035614013673,"y":-30.928524017333986,"z":150.56103515625},"rotation":{"x":-0.10728851705789566,"y":-0.06467494368553162,"z":0.006994699127972126,"w":-0.9920974969863892},"size":202.31495666503907,"orthographic":false}